lineage_id,lineage_members,lineage_length,lineage_revision_count,first_history_date,last_history_date,development_duration_days,development_duration_years,has_rfc,rfc_count,rfc_names,final_drafts,final_draft_names,publication_success,publication_status,success_reason,success_rfc_names,success_final_drafts,recorded_groups,recorded_wgs,recorded_wg_count,has_recorded_wg,has_individual_submissions,individual_members,no_recorded_group_members,first_individual_date,first_recorded_wg_date,first_recorded_wgs,individual_to_wg,time_to_wg_days,filename_wg_candidates,filename_candidate_count,filename_candidate_status,wg_classification,terminal_drafts,terminal_draft_count,terminal_state_slugs,terminal_state_names,terminal_resolution,provisional_outcome,provisional_outcome_reason,publication_outcome,outcome_reason,primary_comparison_sample,has_active_terminal,has_expired_terminal,has_rfc_terminal_state,has_other_terminal_state,multiple_terminal_drafts,estimated_expiry_date,likely_dead_date,post_expiry_inactivity_days,rq2b_group
lineage_000468,draft-allbery-usefor-usepro;draft-ietf-usefor-usepro,2,16,2004-08-31,2009-03-03,1645.0,4.503764544832307,1,1,RFC5537,draft-ietf-usefor-usepro-14,draft-ietf-usefor-usepro,1,Successful,RFCIndex + DataTrackerExt.draft_history_for_rfc,RFC5537,draft-ietf-usefor-usepro-14,Individual Submissions;Usenet Article Standard Update,usefor,1,1,1,draft-allbery-usefor-usepro,,2006-12-04,2004-08-31,usefor,0,,,0,,Recorded WG,draft-ietf-usefor-usepro,1,rfc,RFC,Structural replaces relation,Successful,Mapped published RFC,Successful,Mapped to at least one RFC,1,0,0,1,0,0,2009-09-03,2011-03-03,6120,Excluded ambiguous chronology
lineage_000655,draft-andersson-lsp-ping-registries-update;draft-andersson-mpls-lsp-ping-registries-update;draft-ietf-mpls-lsp-ping-registries-update,3,16,2019-07-07,2021-03-01,603.0,1.6509240246406571,1,1,RFC9041,draft-ietf-mpls-lsp-ping-registries-update-11,draft-ietf-mpls-lsp-ping-registries-update,1,Successful,RFCIndex + DataTrackerExt.draft_history_for_rfc,RFC9041,draft-ietf-mpls-lsp-ping-registries-update-11,Individual Submissions;Multiprotocol Label Switching,mpls,1,1,1,draft-andersson-lsp-ping-registries-update,,2019-07-07,2019-07-07,mpls,0,,,0,,Recorded WG,draft-ietf-mpls-lsp-ping-registries-update,1,rfc,RFC,Structural replaces relation,Successful,Mapped published RFC,Successful,Mapped to at least one RFC,1,0,0,1,0,0,2021-09-01,2023-03-01,1739,Excluded ambiguous chronology
lineage_000769,draft-ao-sfc-oam-path-consistency;draft-ao-sfc-oam-return-path-specified;draft-ietf-sfc-multi-layer-oam;draft-wang-sfc-multi-layer-oam,4,64,2014-10-27,2023-07-07,3175.0,8.692676249144421,1,1,RFC9516,draft-ietf-sfc-multi-layer-oam-28,draft-ietf-sfc-multi-layer-oam,1,Successful,RFCIndex + DataTrackerExt.draft_history_for_rfc,RFC9516,draft-ietf-sfc-multi-layer-oam-28,Individual Submissions;Service Function Chaining,sfc,1,1,1,draft-ao-sfc-oam-path-consistency;draft-ao-sfc-oam-return-path-specified,,2017-06-29,2014-10-27,sfc,0,,,0,,Recorded WG,draft-ietf-sfc-multi-layer-oam,1,rfc,RFC,Structural replaces relation,Successful,Mapped published RFC,Successful,Mapped to at least one RFC,1,0,0,1,0,0,2024-01-07,2025-07-07,881,Excluded ambiguous chronology
lineage_000846,draft-arends-private-use-tld;draft-dnsop-private-use-tld;draft-ietf-dnsop-private-use-tld,3,6,2019-11-04,2021-04-10,523.0,1.431895961670089,0,0,,,,0,Not published,No mapped published RFC,,,Domain Name System Operations;Individual Submissions,dnsop,1,1,1,draft-dnsop-private-use-tld;draft-ietf-dnsop-private-use-tld,,2020-10-08,2019-11-04,dnsop,0,,,0,,Recorded WG,draft-ietf-dnsop-private-use-tld,1,expired,Expired,Structural replaces relation,Not published - inspect terminal state,No RFC; terminal state retained for classification,Unsuccessful,No RFC; all terminal drafts expired and remained inactive for at least 18 months after expiry,1,0,1,0,0,0,2021-10-10,2023-04-10,1700,Excluded ambiguous chronology
lineage_000929,draft-arkko-send-ndopt;draft-ietf-send-ipsec,2,3,2003-02-26,2003-06-19,113.0,0.30937713894592744,0,0,,,,0,Not published,No mapped published RFC,,,Individual Submissions;Securing Neighbor Discovery,send,1,1,1,draft-arkko-send-ndopt,,2003-06-19,2003-02-26,send,0,,,0,,Recorded WG,draft-arkko-send-ndopt,1,expired,Expired,Structural replaces relation,Not published - inspect terminal state,No RFC; terminal state retained for classification,Unsuccessful,No RFC; all terminal drafts expired and remained inactive for at least 18 months after expiry,1,0,1,0,0,0,2003-12-19,2005-06-19,8205,Excluded ambiguous chronology
lineage_001174,draft-aviram-tls-deprecate-obsolete-kex;draft-bartle-tls-deprecate-ffdh;draft-ietf-tls-deprecate-obsolete-kex,3,12,2021-07-09,2026-01-12,1648.0,4.511978097193703,1,1,RFC10015,draft-ietf-tls-deprecate-obsolete-kex-08,draft-ietf-tls-deprecate-obsolete-kex,1,Successful,RFCIndex + DataTrackerExt.draft_history_for_rfc,RFC10015,draft-ietf-tls-deprecate-obsolete-kex-08,Individual Submissions;Transport Layer Security,tls,1,1,1,draft-bartle-tls-deprecate-ffdh,,2021-07-30,2021-07-09,tls,0,,,0,,Recorded WG,draft-ietf-tls-deprecate-obsolete-kex,1,active,Active,Structural replaces relation,Successful,Mapped published RFC,Successful,Mapped to at least one RFC,1,1,0,0,0,0,2026-07-12,2028-01-12,-36,Excluded ambiguous chronology
lineage_001341,draft-baker-6man-hbh-header-handling;draft-ietf-6man-hbh-header-handling,2,8,2015-06-04,2016-03-16,286.0,0.783025325119781,0,0,,,,0,Not published,No mapped published RFC,,,IPv6 Maintenance;Individual Submissions,6man,1,1,1,draft-ietf-6man-hbh-header-handling,,2015-11-03,2015-06-04,6man,0,,,0,,Recorded WG,draft-ietf-6man-hbh-header-handling,1,expired,Expired,Structural replaces relation,Not published - inspect terminal state,No RFC; terminal state retained for classification,Unsuccessful,No RFC; all terminal drafts expired and remained inactive for at least 18 months after expiry,1,0,1,0,0,0,2016-09-16,2018-03-16,3550,Excluded ambiguous chronology
lineage_001568,draft-barnes-sframe-mls;draft-ietf-sframe-enc;draft-omara-sframe,3,16,2020-05-19,2024-04-04,1416.0,3.8767967145790556,1,1,RFC9605,draft-ietf-sframe-enc-09,draft-ietf-sframe-enc,1,Successful,RFCIndex + DataTrackerExt.draft_history_for_rfc,RFC9605,draft-ietf-sframe-enc-09,Individual Submissions;Secure Media Frames,sframe,1,1,1,draft-barnes-sframe-mls,,2020-11-16,2020-05-19,sframe,0,,,0,,Recorded WG,draft-ietf-sframe-enc,1,rfc,RFC,Structural replaces relation,Successful,Mapped published RFC,Successful,Mapped to at least one RFC,1,0,0,1,0,0,2024-10-04,2026-04-04,610,Excluded ambiguous chronology
lineage_001821,draft-belyavskiy-rfc5933-bis;draft-dnsop-rfc5933-bis;draft-ietf-dnsop-rfc5933-bis;draft-makarenko-gost2012-dnssec,4,25,2020-01-15,2024-01-25,1471.0,4.027378507871321,1,1,RFC9558,draft-makarenko-gost2012-dnssec-05,draft-makarenko-gost2012-dnssec,1,Successful,RFCIndex + DataTrackerExt.draft_history_for_rfc,RFC9558,draft-makarenko-gost2012-dnssec-05,Domain Name System Operations;Individual Submissions,dnsop,1,1,1,draft-dnsop-rfc5933-bis;draft-makarenko-gost2012-dnssec,,2020-07-07,2020-01-15,dnsop,0,,,0,,Recorded WG,draft-makarenko-gost2012-dnssec,1,rfc,RFC,Structural replaces relation,Successful,Mapped published RFC,Successful,Mapped to at least one RFC,1,0,0,1,0,0,2024-07-25,2026-01-25,681,Excluded ambiguous chronology
lineage_002402,draft-bless-tsvwg-le-phb;draft-ietf-tsvwg-le-phb;draft-tsvwg-le-phb,3,14,2016-07-08,2019-03-11,976.0,2.6721423682409307,1,1,RFC8622,draft-ietf-tsvwg-le-phb-10,draft-ietf-tsvwg-le-phb,1,Successful,RFCIndex + DataTrackerExt.draft_history_for_rfc,RFC8622,draft-ietf-tsvwg-le-phb-10,Individual Submissions;Transport and Services Working Group,tsvwg,1,1,1,draft-tsvwg-le-phb,,2016-10-21,2016-07-08,tsvwg,0,,,0,,Recorded WG,draft-ietf-tsvwg-le-phb;draft-tsvwg-le-phb,2,expired;rfc,Expired;RFC,Structural replaces relation,Successful,Mapped published RFC,Successful,Mapped to at least one RFC,1,0,1,1,0,1,2019-09-11,2021-03-11,2460,Excluded ambiguous chronology
lineage_002484,draft-bonaventure-mptcp-exp-option;draft-ietf-mptcp-rfc6824bis,2,20,2013-10-21,2019-06-08,2056.0,5.6290212183436,1,1,RFC8684,draft-ietf-mptcp-rfc6824bis-18,draft-ietf-mptcp-rfc6824bis,1,Successful,RFCIndex + DataTrackerExt.draft_history_for_rfc,RFC8684,draft-ietf-mptcp-rfc6824bis-18,Individual Submissions;Multipath TCP,mptcp,1,1,1,draft-bonaventure-mptcp-exp-option,,2015-06-16,2013-10-21,mptcp,0,,,0,,Recorded WG,draft-ietf-mptcp-rfc6824bis,1,rfc,RFC,Structural replaces relation,Successful,Mapped published RFC,Successful,Mapped to at least one RFC,1,0,0,1,0,0,2019-12-08,2021-06-08,2372,Excluded ambiguous chronology
lineage_002600,draft-bormann-cbor-tag-coap-content-format;draft-ietf-cbor-file-magic;draft-richardson-cbor-file-magic,3,16,2021-01-20,2022-05-05,470.0,1.2867898699520877,1,1,RFC9277,draft-ietf-cbor-file-magic-12,draft-ietf-cbor-file-magic,1,Successful,RFCIndex + DataTrackerExt.draft_history_for_rfc,RFC9277,draft-ietf-cbor-file-magic-12,Concise Binary Object Representation Maintenance and Extensions;Individual Submissions,cbor,1,1,1,draft-bormann-cbor-tag-coap-content-format,,2021-06-02,2021-01-20,cbor,0,,,0,,Recorded WG,draft-ietf-cbor-file-magic,1,rfc,RFC,Structural replaces relation,Successful,Mapped published RFC,Successful,Mapped to at least one RFC,1,0,0,1,0,0,2022-11-05,2024-05-05,1309,Excluded ambiguous chronology
lineage_003057,draft-briscoe-tsvwg-rfc6040bis;draft-briscoe-tsvwg-rfc6040update-shim;draft-ietf-tsvwg-rfc6040update-shim,3,27,2016-07-08,2023-12-05,2706.0,7.408624229979466,1,1,RFC9601,draft-ietf-tsvwg-rfc6040update-shim-23,draft-ietf-tsvwg-rfc6040update-shim,1,Successful,RFCIndex + DataTrackerExt.draft_history_for_rfc,RFC9601,draft-ietf-tsvwg-rfc6040update-shim-23,Individual Submissions;Transport and Services Working Group,tsvwg,1,1,1,draft-briscoe-tsvwg-rfc6040update-shim,,2016-11-15,2016-07-08,tsvwg,0,,,0,,Recorded WG,draft-ietf-tsvwg-rfc6040update-shim,1,rfc,RFC,Structural replaces relation,Successful,Mapped published RFC,Successful,Mapped to at least one RFC,1,0,0,1,0,0,2024-06-05,2025-12-05,731,Excluded ambiguous chronology
lineage_003190,draft-bryant-mpls-sfl-control;draft-ietf-mpls-sfl-control,2,15,2015-03-02,2023-11-06,3171.0,8.681724845995893,0,0,,,,0,Not published,No mapped published RFC,,,Individual Submissions;Multiprotocol Label Switching,mpls,1,1,1,draft-ietf-mpls-sfl-control,,2021-01-13,2015-03-02,mpls,0,,,0,,Recorded WG,draft-ietf-mpls-sfl-control,1,expired,Expired,Structural replaces relation,Not published - inspect terminal state,No RFC; terminal state retained for classification,Unsuccessful,No RFC; all terminal drafts expired and remained inactive for at least 18 months after expiry,1,0,1,0,0,0,2024-05-06,2025-11-06,761,Excluded ambiguous chronology
lineage_004165,draft-chen-mpls-p2mp-ingress-protection;draft-ietf-mpls-rsvp-ingress-protection;draft-ietf-teas-rsvp-ingress-protection;draft-torvi-mpls-rsvp-ingress-protection,4,34,2010-03-01,2018-03-18,2939.0,8.046543463381246,1,1,RFC8424,draft-ietf-teas-rsvp-ingress-protection-17,draft-ietf-teas-rsvp-ingress-protection,1,Successful,RFCIndex + DataTrackerExt.draft_history_for_rfc,RFC8424,draft-ietf-teas-rsvp-ingress-protection-17,Individual Submissions;Multiprotocol Label Switching;Traffic Engineering Architecture and Signaling,mpls;teas,2,1,1,draft-torvi-mpls-rsvp-ingress-protection,,2012-07-09,2010-03-01,mpls,0,,,0,,Recorded WG,draft-ietf-teas-rsvp-ingress-protection,1,rfc,RFC,Structural replaces relation,Successful,Mapped published RFC,Successful,Mapped to at least one RFC,1,0,0,1,0,0,2018-09-18,2020-03-18,2818,Excluded ambiguous chronology
lineage_004589,draft-chuang-dkim-replay-problem;draft-ietf-dkim-replay-problem,2,5,2022-10-21,2023-07-29,281.0,0.7693360711841205,0,0,,,,0,Not published,No mapped published RFC,,,Domain Keys Identified Mail;Individual Submissions,dkim,1,1,1,draft-ietf-dkim-replay-problem,,2023-07-29,2022-10-21,dkim,0,,,0,,Recorded WG,draft-ietf-dkim-replay-problem,1,expired,Expired,Structural replaces relation,Not published - inspect terminal state,No RFC; terminal state retained for classification,Unsuccessful,No RFC; all terminal drafts expired and remained inactive for at least 18 months after expiry,1,0,1,0,0,0,2024-01-29,2025-07-29,859,Excluded ambiguous chronology
lineage_005400,draft-davidson-pp-protocol;draft-ietf-privacypass-auth-scheme;draft-ietf-privacypass-http-api;draft-ietf-privacypass-protocol;draft-ietf-privacypass-rate-limit-tokens;draft-pauly-privacypass-auth-scheme;draft-privacypass-rate-limit-tokens;draft-private-access-tokens;draft-svaldez-pp-http-api,9,53,2020-03-09,2024-04-01,1484.0,4.0629705681040384,1,2,RFC9577;RFC9578,draft-ietf-privacypass-auth-scheme-15;draft-ietf-privacypass-protocol-16,draft-ietf-privacypass-auth-scheme;draft-ietf-privacypass-protocol,1,Successful,RFCIndex + DataTrackerExt.draft_history_for_rfc,RFC9577;RFC9578,draft-ietf-privacypass-auth-scheme-15;draft-ietf-privacypass-protocol-16,Individual Submissions;Privacy Pass,privacypass,1,1,1,draft-private-access-tokens,,2021-10-25,2020-03-09,privacypass,0,,,0,,Recorded WG,draft-ietf-privacypass-auth-scheme;draft-ietf-privacypass-protocol;draft-ietf-privacypass-rate-limit-tokens,3,expired;rfc,Expired;RFC,Structural replaces relation,Successful,Mapped published RFC,Successful,Mapped to at least one RFC,1,0,1,1,0,1,2024-10-01,2026-04-01,613,Excluded ambiguous chronology
lineage_005608,draft-deering-sip;draft-historic-simple-ip,2,5,1992-11-11,2018-09-06,9430.0,25.817932922655714,1,1,RFC8507,draft-historic-simple-ip-03,draft-historic-simple-ip,1,Successful,RFCIndex + DataTrackerExt.draft_history_for_rfc,RFC8507,draft-historic-simple-ip-03,Individual Submissions;Simple Internet Protocol,sip-o,1,1,1,draft-historic-simple-ip,,2018-07-17,1992-11-11,sip-o,0,,,0,,Recorded WG,draft-historic-simple-ip,1,rfc,RFC,Structural replaces relation,Successful,Mapped published RFC,Successful,Mapped to at least one RFC,1,0,0,1,0,0,2019-03-06,2020-09-06,2649,Excluded ambiguous chronology
lineage_006082,draft-dnsop-update-timeout;draft-ietf-dnsop-update-timeout;draft-pusateri-dnsop-update-timeout,3,9,2018-08-24,2020-07-26,702.0,1.9219712525667352,0,0,,,,0,Not published,No mapped published RFC,,,Domain Name System Operations;Individual Submissions,dnsop,1,1,1,draft-dnsop-update-timeout,,2020-05-24,2018-08-24,dnsop,0,,,0,,Recorded WG,draft-ietf-dnsop-update-timeout,1,expired,Expired,Structural replaces relation,Not published - inspect terminal state,No RFC; terminal state retained for classification,Unsuccessful,No RFC; all terminal drafts expired and remained inactive for at least 18 months after expiry,1,0,1,0,0,0,2021-01-26,2022-07-26,1957,Excluded ambiguous chronology
lineage_006363,draft-dsdt-nmda-netconf;draft-ietf-netconf-nmda-netconf;draft-netconf-nmda-netconf,3,12,2017-07-04,2018-10-17,470.0,1.2867898699520877,1,1,RFC8526,draft-ietf-netconf-nmda-netconf-08,draft-ietf-netconf-nmda-netconf,1,Successful,RFCIndex + DataTrackerExt.draft_history_for_rfc,RFC8526,draft-ietf-netconf-nmda-netconf-08,Individual Submissions;Network Configuration,netconf,1,1,1,draft-netconf-nmda-netconf,,2017-10-11,2017-07-04,netconf,0,,,0,,Recorded WG,draft-ietf-netconf-nmda-netconf,1,rfc,RFC,Structural replaces relation,Successful,Mapped published RFC,Successful,Mapped to at least one RFC,1,0,0,1,0,0,2019-04-17,2020-10-17,2607,Excluded ambiguous chronology
lineage_006481,draft-duke-quic-version-aliasing;draft-ietf-quic-version-aliasing,2,12,2020-04-07,2023-04-25,1113.0,3.047227926078029,0,0,,,,0,Not published,No mapped published RFC,,,Individual Submissions;QUIC,quic,1,1,1,draft-duke-quic-version-aliasing,,2020-04-07,2020-04-07,quic,0,,,0,,Recorded WG,draft-duke-quic-version-aliasing,1,expired,Expired,Structural replaces relation,Not published - inspect terminal state,No RFC; terminal state retained for classification,Unsuccessful,No RFC; all terminal drafts expired and remained inactive for at least 18 months after expiry,1,0,1,0,0,0,2023-10-25,2025-04-25,955,Excluded ambiguous chronology
lineage_006532,draft-dunbar-idr-5g-edge-compute-app-meta-data;draft-dunbar-idr-5g-edge-service-metadata,2,18,2020-11-01,2022-09-19,687.0,1.8809034907597535,0,0,,,,0,Not published,No mapped published RFC,,,Individual Submissions;Inter-Domain Routing,idr,1,1,1,draft-dunbar-idr-5g-edge-service-metadata,,2022-08-25,2020-11-01,idr,0,,,0,,Recorded WG,draft-dunbar-idr-5g-edge-service-metadata,1,expired,Expired,Structural replaces relation,Not published - inspect terminal state,No RFC; terminal state retained for classification,Unsuccessful,No RFC; all terminal drafts expired and remained inactive for at least 18 months after expiry,1,0,1,0,0,0,2023-03-19,2024-09-19,1175,Excluded ambiguous chronology
lineage_006686,draft-eastlake-dnsext-2929bis;draft-ietf-dnsext-iana-dns,2,4,2000-02-15,2005-06-27,1959.0,5.363449691991787,1,1,RFC2929,draft-ietf-dnsext-iana-dns-01,draft-ietf-dnsext-iana-dns,1,Successful,RFCIndex + DataTrackerExt.draft_history_for_rfc,RFC2929,draft-ietf-dnsext-iana-dns-01,DNS Extensions;Individual Submissions,dnsext,1,1,1,draft-eastlake-dnsext-2929bis,,2005-06-21,2000-02-15,dnsext,0,,,0,,Recorded WG,draft-ietf-dnsext-iana-dns,1,rfc,RFC,Structural replaces relation,Successful,Mapped published RFC,Successful,Mapped to at least one RFC,1,0,0,1,0,0,2005-12-27,2007-06-27,7466,Excluded ambiguous chronology
lineage_006736,draft-eastlake-trill-group-keying;draft-ietf-trill-group-keying,2,15,2016-07-08,2022-11-21,2327.0,6.3709787816564,0,0,,,,0,Not published,No mapped published RFC,,,Individual Submissions;Transparent Interconnection of Lots of Links,trill,1,1,1,draft-ietf-trill-group-keying,,2017-09-28,2016-07-08,trill,0,,,0,,Recorded WG,draft-ietf-trill-group-keying,1,expired,Expired,Structural replaces relation,Not published - inspect terminal state,No RFC; terminal state retained for classification,Unsuccessful,No RFC; all terminal drafts expired and remained inactive for at least 18 months after expiry,1,0,1,0,0,0,2023-05-21,2024-11-21,1112,Excluded ambiguous chronology
lineage_006807,draft-eddy-idr-flowspec-packet-rate;draft-hares-idr-rfc5575bis;draft-hr-idr-rfc5575bis;draft-ietf-idr-flowspec-packet-rate;draft-ietf-idr-rfc5575bis;draft-loibl-bacher-idr-flowspec-clarification;draft-raszuk-idr-rfc5575bis,7,39,2015-11-23,2020-10-15,1788.0,4.895277207392197,1,1,RFC8955,draft-ietf-idr-rfc5575bis-27,draft-ietf-idr-rfc5575bis,1,Successful,RFCIndex + DataTrackerExt.draft_history_for_rfc,RFC8955,draft-ietf-idr-rfc5575bis-27,Individual Submissions;Inter-Domain Routing,idr,1,1,1,draft-hares-idr-rfc5575bis;draft-loibl-bacher-idr-flowspec-clarification;draft-raszuk-idr-rfc5575bis,,2016-06-24,2015-11-23,idr,0,,,0,,Recorded WG,draft-ietf-idr-rfc5575bis,1,rfc,RFC,Structural replaces relation,Successful,Mapped published RFC,Successful,Mapped to at least one RFC,1,0,0,1,0,0,2021-04-15,2022-10-15,1878,Excluded ambiguous chronology
lineage_006854,draft-eggert-mailflagcolors;draft-eggert-messageflag-mailboxattribute;draft-ietf-mailmaint-messageflag-mailboxattribute;draft-jenkins-mail-keywords,4,18,2024-10-16,2026-01-05,446.0,1.2210814510609171,1,1,RFC9979,draft-ietf-mailmaint-messageflag-mailboxattribute-14,draft-ietf-mailmaint-messageflag-mailboxattribute,1,Successful,RFCIndex + DataTrackerExt.draft_history_for_rfc,RFC9979,draft-ietf-mailmaint-messageflag-mailboxattribute-14,Individual Submissions;Mail Maintenance,mailmaint,1,1,1,draft-eggert-messageflag-mailboxattribute,,2024-11-25,2024-10-16,mailmaint,0,,,0,,Recorded WG,draft-ietf-mailmaint-messageflag-mailboxattribute,1,rfc,RFC,Structural replaces relation,Successful,Mapped published RFC,Successful,Mapped to at least one RFC,1,0,0,1,0,0,2026-07-05,2028-01-05,-29,Excluded ambiguous chronology
lineage_006861,draft-eggert-tsvwg-rfc5405bis;draft-ietf-tsvwg-rfc5405bis;draft-tsvwg-rfc5405bis,3,23,2014-06-14,2016-10-14,853.0,2.3353867214236823,1,1,RFC8085,draft-ietf-tsvwg-rfc5405bis-19,draft-ietf-tsvwg-rfc5405bis,1,Successful,RFCIndex + DataTrackerExt.draft_history_for_rfc,RFC8085,draft-ietf-tsvwg-rfc5405bis-19,Individual Submissions;Transport and Services Working Group,tsvwg,1,1,1,draft-tsvwg-rfc5405bis,,2014-12-09,2014-06-14,tsvwg,0,,,0,,Recorded WG,draft-ietf-tsvwg-rfc5405bis,1,rfc,RFC,Structural replaces relation,Successful,Mapped published RFC,Successful,Mapped to at least one RFC,1,0,0,1,0,0,2017-04-14,2018-10-14,3340,Excluded ambiguous chronology
lineage_007444,draft-farrresnickel-rfc7776bis;draft-ietf-iasa2-rfc7776bis,2,5,2018-09-25,2019-09-14,354.0,0.9691991786447639,1,1,RFC8716,draft-ietf-iasa2-rfc7776bis-03,draft-ietf-iasa2-rfc7776bis,1,Successful,RFCIndex + DataTrackerExt.draft_history_for_rfc,RFC8716,draft-ietf-iasa2-rfc7776bis-03,IETF Administrative Support Activity 2;Individual Submissions,iasa2,1,1,1,draft-farrresnickel-rfc7776bis,,2018-09-25,2018-09-25,iasa2,0,,,0,,Recorded WG,draft-ietf-iasa2-rfc7776bis,1,rfc,RFC,Structural replaces relation,Successful,Mapped published RFC,Successful,Mapped to at least one RFC,1,0,0,1,0,0,2020-03-14,2021-09-14,2275,Excluded ambiguous chronology
lineage_007653,draft-fitzgeraldmckay-sacm-endpointcompliance;draft-ietf-sacm-fitzgeraldmckay-endpointcompliance,2,3,2015-05-04,2015-11-17,197.0,0.5393566050650239,0,0,,,,0,Not published,No mapped published RFC,,,Individual Submissions;Security Automation and Continuous Monitoring,sacm,1,1,1,draft-fitzgeraldmckay-sacm-endpointcompliance,,2015-05-06,2015-05-04,sacm,0,,,0,,Recorded WG,draft-fitzgeraldmckay-sacm-endpointcompliance,1,expired,Expired,Structural replaces relation,Not published - inspect terminal state,No RFC; terminal state retained for classification,Unsuccessful,No RFC; all terminal drafts expired and remained inactive for at least 18 months after expiry,1,0,1,0,0,0,2016-05-17,2017-11-17,3672,Excluded ambiguous chronology
lineage_007723,draft-fm-bess-service-chaining;draft-ietf-bess-service-chaining;draft-mackie-sfc-using-virtual-networking;draft-rfernando-bess-service-chaining;draft-rfernando-l3vpn-service-chaining,5,20,2013-02-18,2018-12-04,2115.0,5.790554414784395,0,0,,,,0,Not published,No mapped published RFC,,,BGP Enabled ServiceS;Individual Submissions;Layer 3 Virtual Private Networks,bess;l3vpn,2,1,1,draft-mackie-sfc-using-virtual-networking;draft-rfernando-bess-service-chaining,,2014-10-02,2013-02-18,l3vpn,0,,,0,,Recorded WG,draft-ietf-bess-service-chaining,1,expired,Expired,Structural replaces relation,Not published - inspect terminal state,No RFC; terminal state retained for classification,Unsuccessful,No RFC; all terminal drafts expired and remained inactive for at least 18 months after expiry,1,0,1,0,0,0,2019-06-04,2020-12-04,2559,Excluded ambiguous chronology
lineage_007843,draft-francois-spring-resiliency-use-case;draft-francois-sr-resiliency-use-case;draft-ietf-spring-resiliency-use-cases,3,17,2014-01-31,2017-12-19,1418.0,3.8822724161533197,1,1,RFC8355,draft-ietf-spring-resiliency-use-cases-12,draft-ietf-spring-resiliency-use-cases,1,Successful,RFCIndex + DataTrackerExt.draft_history_for_rfc,RFC8355,draft-ietf-spring-resiliency-use-cases-12,Individual Submissions;Source Packet Routing in Networking,spring,1,1,1,draft-francois-sr-resiliency-use-case,,2014-01-31,2014-01-31,spring,0,,,0,,Recorded WG,draft-ietf-spring-resiliency-use-cases,1,rfc,RFC,Structural replaces relation,Successful,Mapped published RFC,Successful,Mapped to at least one RFC,1,0,0,1,0,0,2018-06-19,2019-12-19,2909,Excluded ambiguous chronology
lineage_008659,draft-gont-dhc-stable-privacy-addresses;draft-gont-dhcpv6-stable-privacy-addresses;draft-ietf-dhc-stable-privacy-addresses,3,8,2014-09-05,2016-06-28,662.0,1.8124572210814511,1,1,RFC7943,draft-gont-dhcpv6-stable-privacy-addresses-02,draft-gont-dhcpv6-stable-privacy-addresses,1,Successful,RFCIndex + DataTrackerExt.draft_history_for_rfc,RFC7943,draft-gont-dhcpv6-stable-privacy-addresses-02,Dynamic Host Configuration;Individual Submissions,dhc,1,1,1,draft-gont-dhcpv6-stable-privacy-addresses,,2015-09-09,2014-09-05,dhc,0,,,0,,Recorded WG,draft-gont-dhcpv6-stable-privacy-addresses,1,rfc,RFC,Structural replaces relation,Successful,Mapped published RFC,Successful,Mapped to at least one RFC,1,0,0,1,0,0,2016-12-28,2018-06-28,3447,Excluded ambiguous chronology
lineage_008786,draft-graff-dnsext-edns0bis;draft-ietf-dnsext-rfc2671bis-edns0,2,12,2007-12-27,2012-12-31,1831.0,5.0130047912388775,1,1,RFC6891,draft-ietf-dnsext-rfc2671bis-edns0-10,draft-ietf-dnsext-rfc2671bis-edns0,1,Successful,RFCIndex + DataTrackerExt.draft_history_for_rfc,RFC6891,draft-ietf-dnsext-rfc2671bis-edns0-10,DNS Extensions;Individual Submissions,dnsext,1,1,1,draft-graff-dnsext-edns0bis,,2009-07-13,2007-12-27,dnsext,0,,,0,,Recorded WG,draft-ietf-dnsext-rfc2671bis-edns0,1,rfc,RFC,Structural replaces relation,Successful,Mapped published RFC,Successful,Mapped to at least one RFC,1,0,0,1,0,0,2013-06-30,2014-12-30,4724,Excluded ambiguous chronology
lineage_010334,draft-hilt-soc-overload-design;draft-ietf-sipping-overload-design;draft-ietf-soc-overload-design,3,13,2008-10-23,2011-07-11,991.0,2.7132101300479126,1,1,RFC6357,draft-ietf-soc-overload-design-08,draft-ietf-soc-overload-design,1,Successful,RFCIndex + DataTrackerExt.draft_history_for_rfc,RFC6357,draft-ietf-soc-overload-design-08,IPv6 over Low power WPAN;Individual Submissions;SIP Overload Control,6lowpan;soc,2,1,1,draft-hilt-soc-overload-design,,2010-05-28,2008-10-23,6lowpan,0,,,0,,Recorded WG,draft-ietf-soc-overload-design,1,rfc,RFC,Structural replaces relation,Successful,Mapped published RFC,Successful,Mapped to at least one RFC,1,0,0,1,0,0,2012-01-11,2013-07-11,5260,Excluded ambiguous chronology
lineage_010909,draft-httpauth-rest-auth;draft-ietf-httpauth-rest-auth,2,3,2013-08-14,2013-08-15,1.0,0.0027378507871321013,0,0,,,,0,Not published,No mapped published RFC,,,Hypertext Transfer Protocol Authentication;Individual Submissions,httpauth,1,1,1,draft-httpauth-rest-auth,,2013-08-14,2013-08-14,httpauth,0,,,0,,Recorded WG,draft-ietf-httpauth-rest-auth,1,expired,Expired,Structural replaces relation,Not published - inspect terminal state,No RFC; terminal state retained for classification,Unsuccessful,No RFC; all terminal drafts expired and remained inactive for at least 18 months after expiry,1,0,1,0,0,0,2014-02-15,2015-08-15,4494,Excluded ambiguous chronology
lineage_011161,draft-hunt-dnsop-aname;draft-ietf-dnsop-aname,2,6,2017-04-07,2019-07-08,822.0,2.2505133470225873,0,0,,,,0,Not published,No mapped published RFC,,,Domain Name System Operations;Individual Submissions,dnsop,1,1,1,draft-ietf-dnsop-aname,,2017-05-27,2017-04-07,dnsop,0,,,0,,Recorded WG,draft-ietf-dnsop-aname,1,expired,Expired,Structural replaces relation,Not published - inspect terminal state,No RFC; terminal state retained for classification,Unsuccessful,No RFC; all terminal drafts expired and remained inactive for at least 18 months after expiry,1,0,1,0,0,0,2020-01-08,2021-07-08,2341,Excluded ambiguous chronology
lineage_011250,draft-hutton-mmusic-opportunistic-negotiation;draft-ietf-mmusic-opportunistic-negotiation;draft-mmusic-opportunistic-negotiation,3,4,2017-01-23,2017-09-14,234.0,0.6406570841889117,0,0,,,,0,Not published,No mapped published RFC,,,Individual Submissions;Multiparty Multimedia Session Control,mmusic,1,1,1,draft-mmusic-opportunistic-negotiation,,2017-06-05,2017-01-23,mmusic,0,,,0,,Recorded WG,draft-ietf-mmusic-opportunistic-negotiation;draft-mmusic-opportunistic-negotiation,2,expired,Expired,Structural replaces relation,Not published - inspect terminal state,No RFC; terminal state retained for classification,Unsuccessful,No RFC; all terminal drafts expired and remained inactive for at least 18 months after expiry,1,0,1,0,0,1,2018-03-14,2019-09-14,3006,Excluded ambiguous chronology
lineage_011457,draft-idr-bgp-route-oscillation-stop;draft-ietf-idr-route-oscillation-stop;draft-walton-bgp-route-oscillation-stop,3,16,2002-05-24,2016-08-08,5190.0,14.209445585215606,1,1,RFC7964,draft-ietf-idr-route-oscillation-stop-04,draft-ietf-idr-route-oscillation-stop,1,Successful,RFCIndex + DataTrackerExt.draft_history_for_rfc,RFC7964,draft-ietf-idr-route-oscillation-stop-04,Individual Submissions;Inter-Domain Routing,idr,1,1,1,draft-idr-bgp-route-oscillation-stop,,2015-01-06,2002-05-24,idr,0,,,0,,Recorded WG,draft-ietf-idr-route-oscillation-stop,1,rfc,RFC,Structural replaces relation,Successful,Mapped published RFC,Successful,Mapped to at least one RFC,1,0,0,1,0,0,2017-02-08,2018-08-08,3405,Excluded ambiguous chronology
lineage_011716,draft-ietf-alto-new-transport;draft-schott-alto-new-transport;draft-schott-alto-new-transport-push,3,26,2022-03-07,2024-01-04,668.0,1.8288843258042438,1,1,RFC9569,draft-ietf-alto-new-transport-22,draft-ietf-alto-new-transport,1,Successful,RFCIndex + DataTrackerExt.draft_history_for_rfc,RFC9569,draft-ietf-alto-new-transport-22,Application-Layer Traffic Optimization;Individual Submissions,alto,1,1,1,draft-schott-alto-new-transport-push,,2022-10-22,2022-03-07,alto,0,,,0,,Recorded WG,draft-ietf-alto-new-transport,1,rfc,RFC,Structural replaces relation,Successful,Mapped published RFC,Successful,Mapped to at least one RFC,1,0,0,1,0,0,2024-07-04,2026-01-04,702,Excluded ambiguous chronology
lineage_011867,draft-ietf-atompub-autodiscovery;draft-snell-atompub-autodiscovery,2,3,2004-08-18,2006-11-27,831.0,2.2751540041067764,0,0,,,,0,Not published,No mapped published RFC,,,Atom Publishing Format and Protocol;Individual Submissions,atompub,1,1,1,draft-snell-atompub-autodiscovery,,2006-11-27,2004-08-18,atompub,0,,,0,,Recorded WG,draft-snell-atompub-autodiscovery,1,expired,Expired,Structural replaces relation,Not published - inspect terminal state,No RFC; terminal state retained for classification,Unsuccessful,No RFC; all terminal drafts expired and remained inactive for at least 18 months after expiry,1,0,1,0,0,0,2007-05-27,2008-11-27,6950,Excluded ambiguous chronology
lineage_012143,draft-ietf-bess-fat-pw-bgp;draft-keyupate-bess-fat-pw-bgp;draft-keyupate-l2vpn-fat-pw-bgp,3,11,2013-10-21,2018-03-03,1594.0,4.3641341546885695,1,1,RFC8395,draft-ietf-bess-fat-pw-bgp-04,draft-ietf-bess-fat-pw-bgp,1,Successful,RFCIndex + DataTrackerExt.draft_history_for_rfc,RFC8395,draft-ietf-bess-fat-pw-bgp-04,BGP Enabled ServiceS;Individual Submissions,bess,1,1,1,draft-keyupate-bess-fat-pw-bgp,,2015-04-29,2013-10-21,bess,0,,,0,,Recorded WG,draft-ietf-bess-fat-pw-bgp,1,rfc,RFC,Structural replaces relation,Successful,Mapped published RFC,Successful,Mapped to at least one RFC,1,0,0,1,0,0,2018-09-03,2020-03-03,2833,Excluded ambiguous chronology
lineage_012154,draft-ietf-bess-mvpn-fast-failover;draft-jain-mvpn-bfd-fast-upstream-failover;draft-morin-bess-mvpn-fast-failover;draft-morin-l3vpn-mvpn-fast-failover,4,27,2008-11-04,2021-01-21,4461.0,12.213552361396303,1,1,RFC9026,draft-ietf-bess-mvpn-fast-failover-15,draft-ietf-bess-mvpn-fast-failover,1,Successful,RFCIndex + DataTrackerExt.draft_history_for_rfc,RFC9026,draft-ietf-bess-mvpn-fast-failover-15,BGP Enabled ServiceS;Individual Submissions;Layer 3 Virtual Private Networks,bess;l3vpn,2,1,1,draft-jain-mvpn-bfd-fast-upstream-failover,,2012-04-21,2008-11-04,l3vpn,0,,,0,,Recorded WG,draft-ietf-bess-mvpn-fast-failover,1,rfc,RFC,Structural replaces relation,Successful,Mapped published RFC,Successful,Mapped to at least one RFC,1,0,0,1,0,0,2021-07-21,2023-01-21,1781,Excluded ambiguous chronology
lineage_012268,draft-ietf-bmwg-evpntest;draft-kishjac-bmwg-evpntest;draft-kishjac-bmwg-pbbevpn,3,24,2016-02-01,2023-08-17,2754.0,7.540041067761807,0,0,,,,0,Not published,No mapped published RFC,,,Benchmarking Methodology;Individual Submissions,bmwg,1,1,1,draft-kishjac-bmwg-pbbevpn,,2016-06-16,2016-02-01,bmwg,0,,,0,,Recorded WG,draft-ietf-bmwg-evpntest,1,expired,Expired,Structural replaces relation,Not published - inspect terminal state,No RFC; terminal state retained for classification,Unsuccessful,No RFC; all terminal drafts expired and remained inactive for at least 18 months after expiry,1,0,1,0,0,0,2024-02-17,2025-08-17,840,Excluded ambiguous chronology
lineage_012432,draft-ietf-catnip-common-arch;draft-mcgovern-ipng-catnip-wpaper,2,2,1994-03-21,1994-04-18,28.0,0.07665982203969883,1,1,RFC1707,draft-mcgovern-ipng-catnip-wpaper-00,draft-mcgovern-ipng-catnip-wpaper,1,Successful,RFCIndex + DataTrackerExt.draft_history_for_rfc,RFC1707,draft-mcgovern-ipng-catnip-wpaper-00,Common Architecture for Next Generation IP;Individual Submissions,catnip,1,1,1,draft-mcgovern-ipng-catnip-wpaper,,1994-04-18,1994-03-21,catnip,0,,,0,,Recorded WG,draft-mcgovern-ipng-catnip-wpaper,1,rfc,RFC,Structural replaces relation,Successful,Mapped published RFC,Successful,Mapped to at least one RFC,1,0,0,1,0,0,1994-10-18,1996-04-18,11554,Excluded ambiguous chronology
lineage_013030,draft-ietf-dispatch-mime-protobuf;draft-intarea-dispatch-mime-protobuf;draft-murray-dispatch-mime-protobuf,3,11,2025-04-25,2025-12-01,220.0,0.6023271731690623,1,1,RFC9996,draft-ietf-dispatch-mime-protobuf-07,draft-ietf-dispatch-mime-protobuf,1,Successful,RFCIndex + DataTrackerExt.draft_history_for_rfc,RFC9996,draft-ietf-dispatch-mime-protobuf-07,Dispatch;Individual Submissions,dispatch,1,1,1,draft-intarea-dispatch-mime-protobuf,,2025-05-29,2025-04-25,dispatch,0,,,0,,Recorded WG,draft-ietf-dispatch-mime-protobuf,1,active,Active,Structural replaces relation,Successful,Mapped published RFC,Successful,Mapped to at least one RFC,1,1,0,0,0,0,2026-06-01,2027-12-01,5,Excluded ambiguous chronology
lineage_013213,draft-ietf-dnsop-dns-rpz;draft-vixie-dns-rpz;draft-vixie-dnsop-dns-rpz,3,7,2016-10-11,2018-06-23,620.0,1.6974674880219027,0,0,,,,0,Not published,No mapped published RFC,,,Domain Name System Operations;Individual Submissions,dnsop,1,1,1,draft-ietf-dnsop-dns-rpz;draft-vixie-dnsop-dns-rpz,,2017-03-09,2016-10-11,dnsop,0,,,0,,Recorded WG,draft-vixie-dnsop-dns-rpz,1,expired,Expired,Structural replaces relation,Not published - inspect terminal state,No RFC; terminal state retained for classification,Unsuccessful,No RFC; all terminal drafts expired and remained inactive for at least 18 months after expiry,1,0,1,0,0,0,2018-12-23,2020-06-23,2722,Excluded ambiguous chronology
lineage_013215,draft-ietf-dnsop-dns-wireformat-http;draft-song-dns-wireformat-http,2,9,2016-02-18,2018-07-02,865.0,2.3682409308692676,0,0,,,,0,Not published,No mapped published RFC,,,Domain Name System Operations;Individual Submissions,dnsop,1,1,1,draft-ietf-dnsop-dns-wireformat-http,,2016-09-16,2016-02-18,dnsop,0,,,0,,Recorded WG,draft-ietf-dnsop-dns-wireformat-http,1,expired,Expired,Structural replaces relation,Not published - inspect terminal state,No RFC; terminal state retained for classification,Unsuccessful,No RFC; all terminal drafts expired and remained inactive for at least 18 months after expiry,1,0,1,0,0,0,2019-01-02,2020-07-02,2712,Excluded ambiguous chronology
lineage_013224,draft-ietf-dnsop-dnssec-validator-requirements;draft-mglt-dnsop-dnssec-validator-requirements,2,18,2014-02-13,2023-11-13,3560.0,9.74674880219028,0,0,,,,0,Not published,No mapped published RFC,,,Domain Name System Operations;Individual Submissions,dnsop,1,1,1,draft-ietf-dnsop-dnssec-validator-requirements,,2020-05-22,2014-02-13,dnsop,0,,,0,,Recorded WG,draft-ietf-dnsop-dnssec-validator-requirements,1,expired,Expired,Structural replaces relation,Not published - inspect terminal state,No RFC; terminal state retained for classification,Unsuccessful,No RFC; all terminal drafts expired and remained inactive for at least 18 months after expiry,1,0,1,0,0,0,2024-05-13,2025-11-13,754,Excluded ambiguous chronology
lineage_013246,draft-ietf-dnsop-let-localhost-be-localhost;draft-west-let-localhost-be-localhost,2,10,2016-09-26,2017-12-18,448.0,1.2265571526351813,0,0,,,,0,Not published,No mapped published RFC,,,Domain Name System Operations;Individual Submissions,dnsop,1,1,1,draft-ietf-dnsop-let-localhost-be-localhost,,2017-10-24,2016-09-26,dnsop,0,,,0,,Recorded WG,draft-ietf-dnsop-let-localhost-be-localhost,1,expired,Expired,Structural replaces relation,Not published - inspect terminal state,No RFC; terminal state retained for classification,Unsuccessful,No RFC; all terminal drafts expired and remained inactive for at least 18 months after expiry,1,0,1,0,0,0,2018-06-18,2019-12-18,2910,Excluded ambiguous chronology
lineage_013470,draft-ietf-extra-email-snooze;draft-ietf-extra-sieve-snooze;draft-murchison-email-snooze,3,10,2020-08-10,2023-10-30,1176.0,3.2197125256673513,0,0,,,,0,Not published,No mapped published RFC,,,Email mailstore and eXtensions To Revise or Amend;Individual Submissions,extra,1,1,1,draft-murchison-email-snooze,,2023-07-10,2020-08-10,extra,0,,,0,,Recorded WG,draft-ietf-extra-email-snooze,1,expired,Expired,Structural replaces relation,Not published - inspect terminal state,No RFC; terminal state retained for classification,Unsuccessful,No RFC; all terminal drafts expired and remained inactive for at least 18 months after expiry,1,0,1,0,0,0,2024-04-30,2025-10-30,767,Excluded ambiguous chronology
lineage_013806,draft-ietf-httpauth-mutual;draft-oiwa-http-mutualauth;draft-oiwa-httpbis-mutualauth,3,26,2007-11-12,2016-11-14,3290.0,9.007529089664613,1,1,RFC8120,draft-ietf-httpauth-mutual-11,draft-ietf-httpauth-mutual,1,Successful,RFCIndex + DataTrackerExt.draft_history_for_rfc,RFC8120,draft-ietf-httpauth-mutual-11,Hypertext Transfer Protocol Authentication;Individual Submissions,httpauth,1,1,1,draft-oiwa-httpbis-mutualauth,,2012-06-04,2007-11-12,httpauth,0,,,0,,Recorded WG,draft-ietf-httpauth-mutual,1,rfc,RFC,Structural replaces relation,Successful,Mapped published RFC,Successful,Mapped to at least one RFC,1,0,0,1,0,0,2017-05-14,2018-11-14,3310,Excluded ambiguous chronology
lineage_013829,draft-ietf-httpbis-header-structure;draft-ietf-httpbis-jfv;draft-kamp-httpbis-structure;draft-nottingham-structured-headers,4,26,2016-06-24,2020-06-04,1441.0,3.9452429842573578,1,1,RFC8941,draft-ietf-httpbis-header-structure-19,draft-ietf-httpbis-header-structure,1,Successful,RFCIndex + DataTrackerExt.draft_history_for_rfc,RFC8941,draft-ietf-httpbis-header-structure-19,HTTP;Individual Submissions,httpbis,1,1,1,draft-kamp-httpbis-structure;draft-nottingham-structured-headers,,2016-10-05,2016-06-24,httpbis,0,,,0,,Recorded WG,draft-ietf-httpbis-header-structure,1,rfc,RFC,Structural replaces relation,Successful,Mapped published RFC,Successful,Mapped to at least one RFC,1,0,0,1,0,0,2020-12-04,2022-06-04,2010,Excluded ambiguous chronology
lineage_014295,draft-ietf-intarea-ippl;draft-intf-intarea-ippl;draft-nordmark-intarea-ippl,3,8,2015-07-06,2017-03-30,633.0,1.73305954825462,0,0,,,,0,Not published,No mapped published RFC,,,Individual Submissions;Internet Area Working Group,intarea,1,1,1,draft-intf-intarea-ippl,,2017-03-30,2015-07-06,intarea,0,,,0,,Recorded WG,draft-ietf-intarea-ippl,1,expired,Expired,Structural replaces relation,Not published - inspect terminal state,No RFC; terminal state retained for classification,Unsuccessful,No RFC; all terminal drafts expired and remained inactive for at least 18 months after expiry,1,0,1,0,0,0,2017-09-30,2019-03-30,3171,Excluded ambiguous chronology
lineage_015305,draft-ietf-lamps-eai-addresses;draft-ietf-pkix-eai-addresses;draft-melnikov-spasm-eai-addresses,3,25,2011-03-07,2018-03-04,2554.0,6.992470910335387,1,1,RFC8398,draft-ietf-lamps-eai-addresses-18,draft-ietf-lamps-eai-addresses,1,Successful,RFCIndex + DataTrackerExt.draft_history_for_rfc,RFC8398,draft-ietf-lamps-eai-addresses-18,Individual Submissions;Limited Additional Mechanisms for PKIX and SMIME;Public-Key Infrastructure (X.509),lamps;pkix,2,1,1,draft-melnikov-spasm-eai-addresses,,2016-05-21,2011-03-07,pkix,0,,,0,,Recorded WG,draft-ietf-lamps-eai-addresses,1,rfc,RFC,Structural replaces relation,Successful,Mapped published RFC,Successful,Mapped to at least one RFC,1,0,0,1,0,0,2018-09-04,2020-03-04,2832,Excluded ambiguous chronology
lineage_015391,draft-ietf-lemonade-5162bis;draft-ietf-qresync-rfc4551bis;draft-ietf-qresync-rfc5162bis;draft-melnikov-5162bis;draft-melnikov-rfc4551-bis,5,20,2008-10-19,2014-01-30,1929.0,5.281314168377824,1,1,RFC7162,draft-ietf-qresync-rfc5162bis-10,draft-ietf-qresync-rfc5162bis,1,Successful,RFCIndex + DataTrackerExt.draft_history_for_rfc,RFC7162,draft-ietf-qresync-rfc5162bis-10,Enhancements to Internet email to Support Diverse Service Environments;IMAP QRESYNC Extension;Individual Submissions,lemonade;qresync,2,1,1,draft-melnikov-5162bis;draft-melnikov-rfc4551-bis,,2012-10-05,2008-10-19,lemonade,0,,,0,,Recorded WG,draft-ietf-qresync-rfc5162bis,1,rfc,RFC,Structural replaces relation,Successful,Mapped published RFC,Successful,Mapped to at least one RFC,1,0,0,1,0,0,2014-07-30,2016-01-30,4329,Excluded ambiguous chronology
lineage_015417,draft-ietf-lemonade-server-to-client-notifications;draft-smaes-lemonade-s2c-notification-reqs,2,3,2004-07-19,2005-02-22,218.0,0.5968514715947981,0,0,,,,0,Not published,No mapped published RFC,,,Enhancements to Internet email to Support Diverse Service Environments;Individual Submissions,lemonade,1,1,1,draft-smaes-lemonade-s2c-notification-reqs,,2004-10-15,2004-07-19,lemonade,0,,,0,,Recorded WG,draft-smaes-lemonade-s2c-notification-reqs,1,expired,Expired,Structural replaces relation,Not published - inspect terminal state,No RFC; terminal state retained for classification,Unsuccessful,No RFC; all terminal drafts expired and remained inactive for at least 18 months after expiry,1,0,1,0,0,0,2005-08-22,2007-02-22,7593,Excluded ambiguous chronology
lineage_015446,draft-ietf-lmap-router-buffer-sizes-ksubram;draft-ksubram-lmap-router-buffer-sizes,2,3,2014-10-28,2015-07-09,254.0,0.6954140999315537,0,0,,,,0,Not published,No mapped published RFC,,,Individual Submissions;Large-Scale Measurement of Broadband Performance,lmap,1,1,1,draft-ksubram-lmap-router-buffer-sizes,,2014-10-29,2014-10-28,lmap,0,,,0,,Recorded WG,draft-ksubram-lmap-router-buffer-sizes,1,expired,Expired,Structural replaces relation,Not published - inspect terminal state,No RFC; terminal state retained for classification,Unsuccessful,No RFC; all terminal drafts expired and remained inactive for at least 18 months after expiry,1,0,1,0,0,0,2016-01-09,2017-07-09,3801,Excluded ambiguous chronology
lineage_015782,draft-ietf-mile-iodef-guidance;draft-pkampana-iodef-guidance,2,13,2013-04-30,2017-09-07,1591.0,4.355920602327173,1,1,RFC8274,draft-ietf-mile-iodef-guidance-11,draft-ietf-mile-iodef-guidance,1,Successful,RFCIndex + DataTrackerExt.draft_history_for_rfc,RFC8274,draft-ietf-mile-iodef-guidance-11,Individual Submissions;Managed Incident Lightweight Exchange,mile,1,1,1,draft-pkampana-iodef-guidance,,2013-10-18,2013-04-30,mile,0,,,0,,Recorded WG,draft-ietf-mile-iodef-guidance,1,rfc,RFC,Structural replaces relation,Successful,Mapped published RFC,Successful,Mapped to at least one RFC,1,0,0,1,0,0,2018-03-07,2019-09-07,3013,Excluded ambiguous chronology
lineage_015905,draft-ietf-mmusic-mdns-ice-candidates;draft-ietf-rtcweb-mdns-ice-candidates;draft-mdns-ice-candidates,3,10,2018-06-30,2021-12-06,1255.0,3.436002737850787,0,0,,,,0,Not published,No mapped published RFC,,,Individual Submissions;Multiparty Multimedia Session Control;Real-Time Communication in WEB-browsers,mmusic;rtcweb,2,1,1,draft-ietf-rtcweb-mdns-ice-candidates,,2018-09-12,2018-06-30,rtcweb,0,,,0,,Recorded WG,draft-ietf-mmusic-mdns-ice-candidates,1,expired,Expired,Structural replaces relation,Not published - inspect terminal state,No RFC; terminal state retained for classification,Unsuccessful,No RFC; all terminal drafts expired and remained inactive for at least 18 months after expiry,1,0,1,0,0,0,2022-06-06,2023-12-06,1461,Excluded ambiguous chronology
lineage_016131,draft-ietf-mpls-mldp-mib;draft-tiruveedhula-mpls-mldp-mib,2,12,2014-01-28,2019-07-07,1986.0,5.437371663244353,0,0,,,,0,Not published,No mapped published RFC,,,Individual Submissions;Multiprotocol Label Switching,mpls,1,1,1,draft-ietf-mpls-mldp-mib,,2016-01-09,2014-01-28,mpls,0,,,0,,Recorded WG,draft-ietf-mpls-mldp-mib,1,expired,Expired,Structural replaces relation,Not published - inspect terminal state,No RFC; terminal state retained for classification,Unsuccessful,No RFC; all terminal drafts expired and remained inactive for at least 18 months after expiry,1,0,1,0,0,0,2020-01-07,2021-07-07,2342,Excluded ambiguous chronology
lineage_016609,draft-ietf-ntp-refid-updates;draft-stenn-ntp-ipv6-refid-hash;draft-stenn-ntp-not-you-refid,3,8,2016-03-15,2019-03-26,1106.0,3.028062970568104,0,0,,,,0,Not published,No mapped published RFC,,,Individual Submissions;Network Time Protocols,ntp,1,1,1,draft-stenn-ntp-not-you-refid,,2016-07-08,2016-03-15,ntp,0,,,0,,Recorded WG,draft-ietf-ntp-refid-updates,1,expired,Expired,Structural replaces relation,Not published - inspect terminal state,No RFC; terminal state retained for classification,Unsuccessful,No RFC; all terminal drafts expired and remained inactive for at least 18 months after expiry,1,0,1,0,0,0,2019-09-26,2021-03-26,2445,Excluded ambiguous chronology
lineage_016638,draft-ietf-oauth-dyn-reg;draft-richer-oauth-dyn-reg-core,2,32,2012-05-23,2015-05-28,1100.0,3.0116358658453115,1,1,RFC7591,draft-ietf-oauth-dyn-reg-30,draft-ietf-oauth-dyn-reg,1,Successful,RFCIndex + DataTrackerExt.draft_history_for_rfc,RFC7591,draft-ietf-oauth-dyn-reg-30,Individual Submissions;Web Authorization Protocol,oauth,1,1,1,draft-richer-oauth-dyn-reg-core,,2013-08-26,2012-05-23,oauth,0,,,0,,Recorded WG,draft-ietf-oauth-dyn-reg,1,rfc,RFC,Structural replaces relation,Successful,Mapped published RFC,Successful,Mapped to at least one RFC,1,0,0,1,0,0,2015-11-28,2017-05-28,3843,Excluded ambiguous chronology
lineage_017020,draft-ietf-pce-stateful-pce-p2mp;draft-palle-pce-stateful-pce-initiated-p2mp-lsp;draft-palle-pce-stateful-pce-p2mp,3,32,2013-12-16,2019-04-12,1943.0,5.319644079397673,1,1,RFC8623,draft-ietf-pce-stateful-pce-p2mp-13,draft-ietf-pce-stateful-pce-p2mp,1,Successful,RFCIndex + DataTrackerExt.draft_history_for_rfc,RFC8623,draft-ietf-pce-stateful-pce-p2mp-13,Individual Submissions;Path Computation Element,pce,1,1,1,draft-palle-pce-stateful-pce-initiated-p2mp-lsp,,2014-01-26,2013-12-16,pce,0,,,0,,Recorded WG,draft-ietf-pce-stateful-pce-p2mp,1,rfc,RFC,Structural replaces relation,Successful,Mapped published RFC,Successful,Mapped to at least one RFC,1,0,0,1,0,0,2019-10-12,2021-04-12,2429,Excluded ambiguous chronology
lineage_017965,draft-ietf-rtcweb-stun-consent-freshness;draft-muthu-behave-consent-freshness;draft-thomson-rtcweb-consent,3,23,2012-03-04,2015-08-13,1257.0,3.4414784394250515,1,1,RFC7675,draft-ietf-rtcweb-stun-consent-freshness-16,draft-ietf-rtcweb-stun-consent-freshness,1,Successful,RFCIndex + DataTrackerExt.draft_history_for_rfc,RFC7675,draft-ietf-rtcweb-stun-consent-freshness-16,Individual Submissions;Real-Time Communication in WEB-browsers,rtcweb,1,1,1,draft-thomson-rtcweb-consent,,2013-11-20,2012-03-04,rtcweb,0,,,0,,Recorded WG,draft-ietf-rtcweb-stun-consent-freshness,1,rfc,RFC,Structural replaces relation,Successful,Mapped published RFC,Successful,Mapped to at least one RFC,1,0,0,1,0,0,2016-02-13,2017-08-13,3766,Excluded ambiguous chronology
lineage_018028,draft-ietf-sasl-crammd5-to-historic;draft-zeilenga-luis140219-crammd5-to-historic,2,2,2008-11-24,2017-06-29,3139.0,8.594113620807667,0,0,,,,0,Not published,No mapped published RFC,,,Individual Submissions;Simple Authentication and Security Layer,sasl,1,1,1,draft-zeilenga-luis140219-crammd5-to-historic,,2017-06-29,2008-11-24,sasl,0,,,0,,Recorded WG,draft-zeilenga-luis140219-crammd5-to-historic,1,expired,Expired,Structural replaces relation,Not published - inspect terminal state,No RFC; terminal state retained for classification,Unsuccessful,No RFC; all terminal drafts expired and remained inactive for at least 18 months after expiry,1,0,1,0,0,0,2017-12-29,2019-06-29,3081,Excluded ambiguous chronology
lineage_018168,draft-ietf-sidr-rtr-keying;draft-ietf-sidrops-rtr-keying;draft-ymbk-bgpsec-rtr-rekeying,3,25,2012-03-06,2019-05-15,2626.0,7.189596167008898,1,1,RFC8635,draft-ietf-sidrops-rtr-keying-06,draft-ietf-sidrops-rtr-keying,1,Successful,RFCIndex + DataTrackerExt.draft_history_for_rfc,RFC8635,draft-ietf-sidrops-rtr-keying-06,Individual Submissions;SIDR Operations;Secure Inter-Domain Routing,sidr;sidrops,2,1,1,draft-ietf-sidr-rtr-keying,,2012-05-14,2012-03-06,sidr,0,,,0,,Recorded WG,draft-ietf-sidrops-rtr-keying,1,rfc,RFC,Structural replaces relation,Successful,Mapped published RFC,Successful,Mapped to at least one RFC,1,0,0,1,0,0,2019-11-15,2021-05-15,2395,Excluded ambiguous chronology
lineage_018927,draft-ietf-teas-ietf-network-slice-definition;draft-ietf-teas-ietf-network-slice-framework;draft-ietf-teas-ietf-network-slices;draft-nsdt-teas-ietf-network-slice-definition;draft-nsdt-teas-ns-framework;draft-nsdt-teas-transport-slice-definition,6,43,2019-11-03,2023-09-14,1411.0,3.863107460643395,1,1,RFC9543,draft-ietf-teas-ietf-network-slices-25,draft-ietf-teas-ietf-network-slices,1,Successful,RFCIndex + DataTrackerExt.draft_history_for_rfc,RFC9543,draft-ietf-teas-ietf-network-slices-25,Individual Submissions;Traffic Engineering Architecture and Signaling,teas,1,1,1,draft-nsdt-teas-ietf-network-slice-definition,,2020-10-22,2019-11-03,teas,0,,,0,,Recorded WG,draft-ietf-teas-ietf-network-slices,1,rfc,RFC,Structural replaces relation,Successful,Mapped published RFC,Successful,Mapped to at least one RFC,1,0,0,1,0,0,2024-03-14,2025-09-14,814,Excluded ambiguous chronology
lineage_019140,draft-ietf-trill-arp-optimization;draft-trill-trill-arp-optimization;draft-yizhou-trill-arp-optimization,3,13,2014-10-27,2017-10-09,1078.0,2.951403148528405,1,1,RFC8302,draft-ietf-trill-arp-optimization-09,draft-ietf-trill-arp-optimization,1,Successful,RFCIndex + DataTrackerExt.draft_history_for_rfc,RFC8302,draft-ietf-trill-arp-optimization-09,Individual Submissions;Transparent Interconnection of Lots of Links,trill,1,1,1,draft-trill-trill-arp-optimization,,2015-04-02,2014-10-27,trill,0,,,0,,Recorded WG,draft-ietf-trill-arp-optimization,1,rfc,RFC,Structural replaces relation,Successful,Mapped published RFC,Successful,Mapped to at least one RFC,1,0,0,1,0,0,2018-04-09,2019-10-09,2980,Excluded ambiguous chronology
lineage_019153,draft-ietf-trill-over-ip;draft-mrw-trill-over-ip,2,23,2011-10-23,2018-05-22,2403.0,6.579055441478439,0,0,,,,0,Not published,No mapped published RFC,,,Individual Submissions;Transparent Interconnection of Lots of Links,trill,1,1,1,draft-ietf-trill-over-ip,,2014-03-24,2011-10-23,trill,0,,,0,,Recorded WG,draft-ietf-trill-over-ip,1,expired,Expired,Structural replaces relation,Not published - inspect terminal state,No RFC; terminal state retained for classification,Unsuccessful,No RFC; all terminal drafts expired and remained inactive for at least 18 months after expiry,1,0,1,0,0,0,2018-11-22,2020-05-22,2753,Excluded ambiguous chronology
lineage_019155,draft-ietf-trill-parent-selection;draft-rp-trill-parent-selection,2,8,2016-08-26,2018-02-16,539.0,1.4757015742642026,0,0,,,,0,Not published,No mapped published RFC,,,Individual Submissions;Transparent Interconnection of Lots of Links,trill,1,1,1,draft-ietf-trill-parent-selection,,2017-10-07,2016-08-26,trill,0,,,0,,Recorded WG,draft-ietf-trill-parent-selection,1,expired,Expired,Structural replaces relation,Not published - inspect terminal state,No RFC; terminal state retained for classification,Unsuccessful,No RFC; all terminal drafts expired and remained inactive for at least 18 months after expiry,1,0,1,0,0,0,2018-08-16,2020-02-16,2851,Excluded ambiguous chronology
lineage_019164,draft-ietf-trill-resilient-trees;draft-zhang-trill-resilient-trees,2,15,2012-07-04,2018-01-22,2028.0,5.552361396303901,0,0,,,,0,Not published,No mapped published RFC,,,Individual Submissions;Transparent Interconnection of Lots of Links,trill,1,1,1,draft-ietf-trill-resilient-trees,,2013-12-20,2012-07-04,trill,0,,,0,,Recorded WG,draft-ietf-trill-resilient-trees,1,expired,Expired,Structural replaces relation,Not published - inspect terminal state,No RFC; terminal state retained for classification,Unsuccessful,No RFC; all terminal drafts expired and remained inactive for at least 18 months after expiry,1,0,1,0,0,0,2018-07-22,2020-01-22,2876,Excluded ambiguous chronology
lineage_019377,draft-ietf-v6ops-assisted-tunneling-requirements;draft-nielsen-v6ops-3GPP-zeroconf-goals;draft-nielsen-v6ops-zeroconf-goals;draft-palet-v6tc-goals-tunneling;draft-suryanarayanan-v6ops-zeroconf-reqs,5,7,2004-06-28,2005-02-15,232.0,0.6351813826146475,0,0,,,,0,Not published,No mapped published RFC,,,IPv6 Operations;Individual Submissions,v6ops,1,1,1,draft-nielsen-v6ops-3GPP-zeroconf-goals;draft-nielsen-v6ops-zeroconf-goals;draft-palet-v6tc-goals-tunneling;draft-suryanarayanan-v6ops-zeroconf-reqs,,2004-08-20,2004-06-28,v6ops,0,,,0,,Recorded WG,draft-palet-v6tc-goals-tunneling,1,expired,Expired,Structural replaces relation,Not published - inspect terminal state,No RFC; terminal state retained for classification,Unsuccessful,No RFC; all terminal drafts expired and remained inactive for at least 18 months after expiry,1,0,1,0,0,0,2005-08-15,2007-02-15,7600,Excluded ambiguous chronology
lineage_019588,draft-ietf-xmpp-dna;draft-saintandre-xmpp-dna,2,15,2010-01-14,2015-09-01,2056.0,5.6290212183436,1,1,RFC7712,draft-ietf-xmpp-dna-11,draft-ietf-xmpp-dna,1,Successful,RFCIndex + DataTrackerExt.draft_history_for_rfc,RFC7712,draft-ietf-xmpp-dna-11,Extensible Messaging and Presence Protocol;Individual Submissions,xmpp,1,1,1,draft-saintandre-xmpp-dna,,2012-06-27,2010-01-14,xmpp,0,,,0,,Recorded WG,draft-ietf-xmpp-dna,1,rfc,RFC,Structural replaces relation,Successful,Mapped published RFC,Successful,Mapped to at least one RFC,1,0,0,1,0,0,2016-03-01,2017-09-01,3749,Excluded ambiguous chronology
lineage_024918,draft-mfm-ippm-sfc-nsh-pmamm;draft-mirsky-sfc-pmamm,2,16,2017-04-24,2022-04-01,1803.0,4.936344969199179,0,0,,,,0,Not published,No mapped published RFC,,,Individual Submissions;Service Function Chaining,sfc,1,1,1,draft-mfm-ippm-sfc-nsh-pmamm,,2022-04-01,2017-04-24,sfc,0,,,0,,Recorded WG,draft-mfm-ippm-sfc-nsh-pmamm,1,expired,Expired,Structural replaces relation,Not published - inspect terminal state,No RFC; terminal state retained for classification,Unsuccessful,No RFC; all terminal drafts expired and remained inactive for at least 18 months after expiry,1,0,1,0,0,0,2022-10-01,2024-04-01,1344,Excluded ambiguous chronology
lineage_025635,draft-mtm-rtgwg-bfd-mc-lag;draft-tanmir-rtgwg-bfd-mc-lag-ip;draft-tanmir-rtgwg-bfd-mc-lag-mpls,3,10,2016-03-21,2022-09-25,2379.0,6.513347022587269,0,0,,,,0,Not published,No mapped published RFC,,,Bidirectional Forwarding Detection;Individual Submissions,bfd,1,1,1,draft-mtm-rtgwg-bfd-mc-lag,,2020-10-29,2016-03-21,bfd,0,,,0,,Recorded WG,draft-mtm-rtgwg-bfd-mc-lag,1,expired,Expired,Structural replaces relation,Not published - inspect terminal state,No RFC; terminal state retained for classification,Unsuccessful,No RFC; all terminal drafts expired and remained inactive for at least 18 months after expiry,1,0,1,0,0,0,2023-03-25,2024-09-25,1169,Excluded ambiguous chronology
